{"cameraMode":{"drawMode":0,"name":"Shaded","section":"Shading Mode"},"sceneLighting":false,"audioPlay":false,"sceneViewState":{"showFog":true,"showMaterialUpdate":false,"showSkybox":true,"showFlares":true,"showImageEffects":true,"showParticleSystems":true},"in2DMode":false,"pivot":{"x":-0.041068464517593387,"y":0.005719661712646484,"z":-0.10728484392166138},"rotation":{"x":-0.7280508279800415,"y":-0.06798391044139862,"z":0.0729774534702301,"w":-0.6782289743423462},"size":7.484913349151611,"orthographic":false}