{"cameraMode":{"drawMode":1,"name":"Wireframe","section":"Shading Mode"},"sceneLighting":true,"audioPlay":false,"sceneViewState":{"showFog":true,"showMaterialUpdate":false,"showSkybox":true,"showFlares":true,"showImageEffects":true,"showParticleSystems":true},"in2DMode":false,"pivot":{"x":-2.1465890407562258,"y":4.755504608154297,"z":21.355812072753908},"rotation":{"x":0.04592990502715111,"y":-0.3420242369174957,"z":0.016755379736423494,"w":0.9384250640869141},"size":20.272375106811525,"orthographic":false}